Case.ID	NCOR2	KRAS	OR11G2	MUC4;MUC4	DNHD1	TSPYL1	CBWD1	ARHGEF11;ETV3L	MARF1	WDR66	LCE4A	PHF2	GOLGA8M	GOLGA6D	ACIN1	KRTAP5-11;FAM86C1	POTEI	BRCA1	CGB8	MROH8;MROH8	HSPD1	TBC1D29	CHIT1	FAM86DP	FMNL2	ADCY2	MUC12	CYLC2	DDX12P	MSN	RYR3	CCDC180	TTN	CA8	FBRSL1	CHEK2	ZNF302	EP400	OR2M5	ZNF676	DPCR1	FAM161B	PARG	TP53	SNAP47	SMAD4	PRELID3B	AHNAK2	RAD23B	ZNF43
001-F0	MUT;	MUT;	MUT;	MUT;		MUT;	MUT;	MUT;	MUT;	MUT;	MUT;	MUT;	MUT;	MUT;		MUT;				MUT;	MUT;	MUT;	MUT;		MUT;	MUT;	MUT;					MUT;	MUT;	MUT;	MUT;	MUT;		MUT;				MUT;	MUT;			MUT;	MUT;	MUT;		
001-F5	MUT;	MUT;	MUT;	MUT;	MUT;	MUT;	MUT;	MUT;	MUT;	MUT;		MUT;	MUT;	MUT;			MUT;				MUT;	MUT;	MUT;		MUT;							MUT;	MUT;	MUT;	MUT;					MUT;		MUT;				MUT;	MUT;			MUT;
004-M	MUT;	MUT;	MUT;	MUT;	MUT;	MUT;	MUT;		MUT;	MUT;	MUT;	MUT;	MUT;	MUT;	MUT;	MUT;	MUT;	MUT;		MUT;			MUT;		MUT;					MUT;			MUT;		MUT;	MUT;	MUT;				MUT;			MUT;		MUT;		MUT;		
004-M-F0	MUT;	MUT;	MUT;	MUT;	MUT;	MUT;	MUT;		MUT;	MUT;	MUT;	MUT;	MUT;		MUT;		MUT;	MUT;			MUT;									MUT;							MUT;			MUT;				MUT;		MUT;	MUT;	MUT;	MUT;	
004-M-F5	MUT;	MUT;	MUT;	MUT;	MUT;	MUT;	MUT;		MUT;	MUT;	MUT;	MUT;		MUT;	MUT;	MUT;	MUT;	MUT;		MUT;	MUT;		MUT;							MUT;					MUT;		MUT;				MUT;			MUT;		MUT;	MUT;	MUT;	MUT;	
005-M	MUT;	MUT;	MUT;	MUT;	MUT;	MUT;	MUT;	MUT;		MUT;	MUT;	MUT;	MUT;		MUT;		MUT;		MUT;			MUT;			MUT;	MUT;	MUT;	MUT;	MUT;					MUT;	MUT;				MUT;	MUT;			MUT;							
005-M-F0	MUT;	MUT;	MUT;	MUT;	MUT;	MUT;	MUT;	MUT;		MUT;	MUT;	MUT;		MUT;	MUT;	MUT;	MUT;		MUT;		MUT;				MUT;		MUT;		MUT;	MUT;				MUT;	MUT;								MUT;					MUT;		
005-M-F5	MUT;	MUT;	MUT;		MUT;	MUT;	MUT;	MUT;	MUT;	MUT;	MUT;		MUT;	MUT;	MUT;	MUT;			MUT;			MUT;			MUT;	MUT;	MUT;		MUT;	MUT;				MUT;						MUT;	MUT;						MUT;			
006-F0	MUT;	MUT;	MUT;	MUT;	MUT;		MUT;		MUT;	MUT;		MUT;	MUT;	MUT;	MUT;	MUT;			MUT;	MUT;		MUT;			MUT;							MUT;					MUT;						MUT;	MUT;		MUT;	MUT;			MUT;
006-F5	MUT;	MUT;	MUT;		MUT;		MUT;	MUT;	MUT;	MUT;		MUT;	MUT;	MUT;	MUT;	MUT;	MUT;		MUT;	MUT;		MUT;			MUT;		MUT;		MUT;			MUT;				MUT;	MUT;						MUT;			MUT;	MUT;	MUT;		
008-F0	MUT;	MUT;	MUT;	MUT;	MUT;	MUT;	MUT;	MUT;	MUT;	MUT;	MUT;	MUT;	MUT;	MUT;	MUT;	MUT;	MUT;		MUT;	MUT;	MUT;	MUT;	MUT;		MUT;	MUT;	MUT;	MUT;	MUT;		MUT;	MUT;	MUT;				MUT;	MUT;	MUT;		MUT;	MUT;	MUT;		MUT;					MUT;
008-F5	MUT;	MUT;	MUT;	MUT;	MUT;	MUT;	MUT;	MUT;	MUT;	MUT;	MUT;	MUT;	MUT;	MUT;	MUT;	MUT;	MUT;	MUT;	MUT;	MUT;	MUT;	MUT;		MUT;	MUT;	MUT;		MUT;	MUT;	MUT;	MUT;		MUT;	MUT;			MUT;		MUT;		MUT;	MUT;			MUT;				MUT;	
008-M1-F0	MUT;	MUT;	MUT;	MUT;	MUT;	MUT;	MUT;	MUT;	MUT;	MUT;	MUT;	MUT;	MUT;	MUT;	MUT;	MUT;	MUT;		MUT;	MUT;	MUT;	MUT;	MUT;	MUT;		MUT;	MUT;	MUT;	MUT;	MUT;	MUT;			MUT;		MUT;	MUT;		MUT;	MUT;		MUT;			MUT;			MUT;	MUT;	
008-M1-F5	MUT;	MUT;	MUT;	MUT;	MUT;	MUT;	MUT;	MUT;	MUT;	MUT;	MUT;	MUT;	MUT;	MUT;	MUT;	MUT;	MUT;	MUT;	MUT;	MUT;	MUT;	MUT;	MUT;	MUT;			MUT;	MUT;			MUT;	MUT;		MUT;			MUT;		MUT;		MUT;	MUT;			MUT;					
008-M2-F0	MUT;		MUT;	MUT;		MUT;	MUT;	MUT;	MUT;	MUT;	MUT;	MUT;	MUT;	MUT;	MUT;	MUT;	MUT;	MUT;	MUT;	MUT;	MUT;	MUT;	MUT;			MUT;	MUT;	MUT;	MUT;	MUT;	MUT;	MUT;	MUT;	MUT;			MUT;	MUT;				MUT;			MUT;		MUT;		MUT;	
008-M2-F5	MUT;	MUT;	MUT;	MUT;	MUT;	MUT;	MUT;	MUT;	MUT;		MUT;	MUT;	MUT;	MUT;	MUT;	MUT;	MUT;		MUT;	MUT;	MUT;	MUT;	MUT;	MUT;	MUT;	MUT;	MUT;	MUT;	MUT;		MUT;		MUT;	MUT;			MUT;	MUT;	MUT;	MUT;	MUT;	MUT;							MUT;	
008-ORTH	MUT;	MUT;	MUT;	MUT;	MUT;	MUT;	MUT;	MUT;	MUT;		MUT;	MUT;	MUT;		MUT;	MUT;	MUT;	MUT;	MUT;	MUT;		MUT;	MUT;	MUT;	MUT;	MUT;		MUT;	MUT;	MUT;	MUT;		MUT;	MUT;		MUT;	MUT;	MUT;	MUT;	MUT;		MUT;	MUT;		MUT;				MUT;	
008-ORTH-M	MUT;	MUT;	MUT;	MUT;		MUT;		MUT;		MUT;	MUT;	MUT;		MUT;	MUT;	MUT;		MUT;	MUT;				MUT;	MUT;		MUT;		MUT;	MUT;	MUT;	MUT;	MUT;		MUT;			MUT;	MUT;		MUT;		MUT;			MUT;				MUT;	
029-F0	MUT;	MUT;	MUT;	MUT;	MUT;	MUT;		MUT;	MUT;		MUT;		MUT;	MUT;			MUT;		MUT;			MUT;		MUT;				MUT;				MUT;		MUT;	MUT;				MUT;	MUT;		MUT;		MUT;						MUT;
029-F5	MUT;	MUT;	MUT;	MUT;	MUT;	MUT;	MUT;		MUT;		MUT;		MUT;	MUT;			MUT;		MUT;			MUT;		MUT;		MUT;						MUT;		MUT;	MUT;			MUT;	MUT;		MUT;	MUT;	MUT;				MUT;	MUT;		MUT;
030-F0	MUT;	MUT;	MUT;	MUT;	MUT;	MUT;	MUT;	MUT;	MUT;	MUT;								MUT;		MUT;						MUT;						MUT;	MUT;							MUT;	MUT;			MUT;					MUT;	
030-F5	MUT;	MUT;		MUT;	MUT;	MUT;	MUT;	MUT;	MUT;							MUT;		MUT;		MUT;	MUT;											MUT;	MUT;					MUT;			MUT;								MUT;	
032-F0	MUT;	MUT;	MUT;	MUT;	MUT;		MUT;	MUT;	MUT;	MUT;			MUT;	MUT;		MUT;			MUT;	MUT;	MUT;		MUT;		MUT;		MUT;	MUT;	MUT;			MUT;	MUT;		MUT;			MUT;	MUT;								MUT;			
032-F5	MUT;	MUT;	MUT;	MUT;	MUT;		MUT;			MUT;	MUT;		MUT;				MUT;		MUT;	MUT;		MUT;	MUT;				MUT;		MUT;			MUT;	MUT;		MUT;			MUT;	MUT;		MUT;									MUT;
040-F0	MUT;	MUT;	MUT;	MUT;		MUT;		MUT;	MUT;	MUT;	MUT;	MUT;			MUT;		MUT;	MUT;			MUT;		MUT;					MUT;		MUT;					MUT;			MUT;						MUT;				MUT;		
040-F5	MUT;	MUT;	MUT;	MUT;	MUT;	MUT;	MUT;	MUT;		MUT;		MUT;	MUT;	MUT;	MUT;		MUT;	MUT;							MUT;					MUT;					MUT;				MUT;					MUT;				MUT;		
048-F0	MUT;	MUT;	MUT;	MUT;	MUT;	MUT;		MUT;			MUT;	MUT;	MUT;	MUT;	MUT;	MUT;		MUT;		MUT;	MUT;		MUT;			MUT;	MUT;	MUT;		MUT;						MUT;		MUT;	MUT;	MUT;	MUT;		MUT;	MUT;	MUT;	MUT;				MUT;
048-F5	MUT;	MUT;	MUT;	MUT;	MUT;	MUT;	MUT;	MUT;	MUT;	MUT;	MUT;	MUT;	MUT;		MUT;	MUT;		MUT;	MUT;	MUT;	MUT;	MUT;	MUT;			MUT;		MUT;		MUT;			MUT;					MUT;		MUT;			MUT;	MUT;	MUT;	MUT;	MUT;			
048-M1-F0	MUT;	MUT;	MUT;	MUT;	MUT;	MUT;	MUT;	MUT;	MUT;	MUT;	MUT;	MUT;		MUT;		MUT;	MUT;	MUT;	MUT;	MUT;	MUT;					MUT;		MUT;								MUT;				MUT;			MUT;	MUT;	MUT;	MUT;				
048-M1-F5	MUT;	MUT;	MUT;	MUT;		MUT;		MUT;	MUT;	MUT;	MUT;	MUT;		MUT;	MUT;	MUT;	MUT;	MUT;	MUT;		MUT;	MUT;			MUT;	MUT;																	MUT;	MUT;	MUT;	MUT;		MUT;	MUT;	MUT;
