Case.ID	NCOR2	KRAS	OR11G2	MUC4;MUC4	DNHD1	TSPYL1	CBWD1	MARF1	ARHGEF11;ETV3L	WDR66	PHF2	LCE4A	GOLGA6D	GOLGA8M	POTEI	KRTAP5-11;FAM86C1	ACIN1	CGB8	BRCA1	MROH8;MROH8	HSPD1	TBC1D29	CHIT1	FMNL2	FAM86DP	ADCY2	MUC12	DDX12P	TTN	CHEK2	RYR3	CA8	MSN	CYLC2	FBRSL1	CCDC180	EP400	OR2M5	ZNF302	PARG	DPCR1	ZNF676	TP53	FAM161B	SNAP47	PRELID3B	AHNAK2	RAD23B	SMAD4	CNKSR1	ATM	RNF43
001-F0_S3_L001	MUT;	MUT;	MUT;	MUT;	MUT;	MUT;	MUT;	MUT;	MUT;	MUT;	MUT;	MUT;				MUT;					MUT;		MUT;						MUT;			MUT;					MUT;			MUT;				MUT;		MUT;						
001-F0_S3_L002		MUT;	MUT;		MUT;	MUT;	MUT;	MUT;	MUT;		MUT;	MUT;				MUT;					MUT;								MUT;			MUT;					MUT;				MUT;			MUT;					MUT;			
001-F0_S3_L003	MUT;	MUT;	MUT;	MUT;	MUT;	MUT;	MUT;	MUT;	MUT;			MUT;									MUT;		MUT;			MUT;			MUT;			MUT;				MUT;	MUT;				MUT;			MUT;		MUT;			MUT;			
001-F0_S3_L004	MUT;	MUT;	MUT;		MUT;	MUT;		MUT;	MUT;			MUT;		MUT;						MUT;	MUT;		MUT;						MUT;			MUT;				MUT;	MUT;	MUT;		MUT;	MUT;			MUT;					MUT;			
001-F5_S2_L001		MUT;	MUT;	MUT;	MUT;	MUT;	MUT;	MUT;	MUT;	MUT;	MUT;	MUT;											MUT;						MUT;			MUT;				MUT;	MUT;							MUT;		MUT;			MUT;			
001-F5_S2_L002	MUT;	MUT;	MUT;	MUT;	MUT;	MUT;	MUT;	MUT;	MUT;	MUT;						MUT;					MUT;		MUT;						MUT;			MUT;				MUT;	MUT;							MUT;								
001-F5_S2_L003		MUT;	MUT;	MUT;	MUT;	MUT;	MUT;	MUT;	MUT;	MUT;	MUT;	MUT;								MUT;	MUT;								MUT;			MUT;				MUT;	MUT;							MUT;		MUT;			MUT;			
001-F5_S2_L004	MUT;	MUT;	MUT;	MUT;	MUT;	MUT;	MUT;	MUT;	MUT;		MUT;	MUT;									MUT;								MUT;			MUT;					MUT;							MUT;					MUT;			
004-M-F0_S5_L001	MUT;	MUT;	MUT;		MUT;	MUT;		MUT;				MUT;							MUT;																								MUT;						MUT;			
004-M-F0_S5_L002		MUT;	MUT;	MUT;		MUT;		MUT;				MUT;			MUT;				MUT;																								MUT;						MUT;			
004-M-F0_S5_L003		MUT;	MUT;	MUT;	MUT;	MUT;		MUT;											MUT;																				MUT;		MUT;								MUT;			
004-M-F0_S5_L004	MUT;	MUT;	MUT;	MUT;		MUT;		MUT;				MUT;																															MUT;						MUT;			
004-M-F5_S4_L001	MUT;	MUT;	MUT;	MUT;		MUT;		MUT;				MUT;							MUT;																								MUT;					MUT;	MUT;			
004-M-F5_S4_L002	MUT;	MUT;	MUT;	MUT;	MUT;	MUT;		MUT;				MUT;			MUT;				MUT;				MUT;																				MUT;				MUT;		MUT;			
004-M-F5_S4_L003	MUT;	MUT;	MUT;	MUT;	MUT;	MUT;		MUT;				MUT;			MUT;	MUT;	MUT;		MUT;																						MUT;		MUT;						MUT;			
004-M-F5_S4_L004	MUT;	MUT;	MUT;	MUT;	MUT;	MUT;		MUT;				MUT;				MUT;			MUT;																						MUT;		MUT;						MUT;			
004-M_S1_L001	MUT;		MUT;	MUT;	MUT;	MUT;	MUT;	MUT;		MUT;		MUT;			MUT;	MUT;	MUT;		MUT;	MUT;	MUT;		MUT;					MUT;		MUT;									MUT;		MUT;		MUT;						MUT;			
004-M_S1_L002	MUT;		MUT;	MUT;	MUT;	MUT;		MUT;		MUT;		MUT;				MUT;			MUT;	MUT;	MUT;		MUT;					MUT;											MUT;				MUT;			MUT;			MUT;			
004-M_S1_L003	MUT;	MUT;	MUT;	MUT;	MUT;	MUT;	MUT;	MUT;			MUT;	MUT;		MUT;	MUT;	MUT;	MUT;		MUT;				MUT;						MUT;										MUT;		MUT;						MUT;		MUT;			
004-M_S1_L004	MUT;	MUT;	MUT;	MUT;	MUT;	MUT;		MUT;		MUT;	MUT;	MUT;	MUT;		MUT;	MUT;	MUT;		MUT;	MUT;	MUT;							MUT;											MUT;				MUT;						MUT;			
005-M-F0_S3_L001	MUT;	MUT;	MUT;	MUT;	MUT;	MUT;		MUT;	MUT;			MUT;				MUT;										MUT;		MUT;				MUT;									MUT;	MUT;										
005-M-F0_S3_L002	MUT;	MUT;	MUT;	MUT;	MUT;	MUT;		MUT;	MUT;			MUT;				MUT;		MUT;				MUT;						MUT;				MUT;								MUT;	MUT;											
005-M-F0_S3_L003	MUT;	MUT;	MUT;	MUT;	MUT;	MUT;	MUT;	MUT;	MUT;			MUT;			MUT;													MUT;				MUT;									MUT;											
005-M-F0_S3_L004	MUT;	MUT;	MUT;	MUT;	MUT;	MUT;	MUT;	MUT;	MUT;	MUT;	MUT;	MUT;			MUT;							MUT;						MUT;				MUT;																				
005-M-F5_S2_L001	MUT;	MUT;		MUT;	MUT;	MUT;		MUT;	MUT;			MUT;																MUT;				MUT;																				
005-M-F5_S2_L002	MUT;	MUT;	MUT;	MUT;	MUT;	MUT;		MUT;	MUT;			MUT;																MUT;				MUT;									MUT;	MUT;										
005-M-F5_S2_L003	MUT;	MUT;	MUT;	MUT;	MUT;	MUT;		MUT;	MUT;			MUT;										MUT;						MUT;												MUT;												
005-M-F5_S2_L004	MUT;	MUT;	MUT;		MUT;	MUT;		MUT;	MUT;			MUT;																MUT;																								
005-M_S6_L001	MUT;	MUT;	MUT;	MUT;	MUT;	MUT;	MUT;	MUT;	MUT;	MUT;		MUT;		MUT;		MUT;		MUT;									MUT;	MUT;				MUT;									MUT;					MUT;						
005-M_S6_L002	MUT;	MUT;	MUT;	MUT;	MUT;	MUT;		MUT;	MUT;	MUT;		MUT;	MUT;		MUT;	MUT;	MUT;	MUT;				MUT;				MUT;		MUT;				MUT;						MUT;		MUT;												
005-M_S6_L003	MUT;	MUT;	MUT;	MUT;	MUT;	MUT;	MUT;		MUT;			MUT;					MUT;	MUT;						MUT;		MUT;		MUT;				MUT;			MUT;						MUT;											
005-M_S6_L004	MUT;	MUT;	MUT;	MUT;	MUT;	MUT;		MUT;	MUT;	MUT;	MUT;	MUT;				MUT;	MUT;	MUT;								MUT;		MUT;				MUT;									MUT;											
006-F0_S6_L001	MUT;	MUT;	MUT;	MUT;	MUT;			MUT;	MUT;									MUT;				MUT;		MUT;		MUT;		MUT;															MUT;						MUT;	MUT;		
006-F0_S6_L002		MUT;	MUT;	MUT;	MUT;			MUT;	MUT;	MUT;						MUT;	MUT;					MUT;		MUT;				MUT;								MUT;			MUT;				MUT;			MUT;			MUT;	MUT;		
006-F0_S6_L003	MUT;	MUT;	MUT;	MUT;	MUT;		MUT;	MUT;	MUT;				MUT;			MUT;	MUT;	MUT;				MUT;		MUT;				MUT;								MUT;			MUT;		MUT;		MUT;						MUT;	MUT;		
006-F0_S6_L004	MUT;	MUT;	MUT;	MUT;	MUT;			MUT;	MUT;							MUT;	MUT;	MUT;				MUT;		MUT;	MUT;			MUT;											MUT;		MUT;		MUT;			MUT;			MUT;	MUT;		
006-F5_S1_L001	MUT;	MUT;	MUT;	MUT;	MUT;				MUT;			MUT;		MUT;		MUT;	MUT;	MUT;				MUT;		MUT;			MUT;	MUT;								MUT;			MUT;				MUT;						MUT;	MUT;		
006-F5_S1_L002	MUT;	MUT;	MUT;	MUT;	MUT;			MUT;	MUT;	MUT;	MUT;					MUT;		MUT;								MUT;		MUT;								MUT;							MUT;			MUT;			MUT;	MUT;		
006-F5_S1_L003		MUT;	MUT;	MUT;	MUT;				MUT;	MUT;					MUT;	MUT;	MUT;			MUT;		MUT;		MUT;												MUT;			MUT;				MUT;							MUT;		
006-F5_S1_L004	MUT;	MUT;	MUT;	MUT;	MUT;		MUT;	MUT;		MUT;							MUT;							MUT;				MUT;								MUT;			MUT;			MUT;	MUT;			MUT;				MUT;		
008-F0_S1_L001	MUT;	MUT;	MUT;	MUT;	MUT;	MUT;		MUT;	MUT;	MUT;		MUT;		MUT;		MUT;	MUT;	MUT;	MUT;				MUT;		MUT;						MUT;	MUT;				MUT;		MUT;						MUT;	MUT;							
008-F0_S1_L002	MUT;	MUT;	MUT;	MUT;	MUT;	MUT;	MUT;	MUT;	MUT;	MUT;	MUT;	MUT;	MUT;				MUT;	MUT;	MUT;	MUT;			MUT;		MUT;		MUT;	MUT;			MUT;	MUT;		MUT;		MUT;	MUT;	MUT;						MUT;	MUT;					MUT;		
008-F0_S1_L003	MUT;	MUT;	MUT;	MUT;	MUT;	MUT;		MUT;	MUT;	MUT;		MUT;				MUT;	MUT;	MUT;		MUT;			MUT;		MUT;						MUT;	MUT;		MUT;		MUT;	MUT;			MUT;				MUT;	MUT;					MUT;		
008-F0_S1_L004	MUT;	MUT;	MUT;	MUT;	MUT;	MUT;		MUT;	MUT;	MUT;		MUT;			MUT;	MUT;		MUT;	MUT;	MUT;					MUT;						MUT;			MUT;		MUT;					MUT;	MUT;		MUT;	MUT;					MUT;		
008-F5_S2_L001	MUT;		MUT;			MUT;	MUT;	MUT;	MUT;			MUT;	MUT;			MUT;			MUT;	MUT;					MUT;						MUT;	MUT;				MUT;	MUT;				MUT;			MUT;	MUT;					MUT;		
008-F5_S2_L002	MUT;	MUT;	MUT;		MUT;	MUT;	MUT;	MUT;	MUT;			MUT;					MUT;	MUT;	MUT;			MUT;	MUT;								MUT;	MUT;					MUT;							MUT;	MUT;							
008-F5_S2_L003	MUT;	MUT;	MUT;		MUT;	MUT;		MUT;	MUT;			MUT;				MUT;				MUT;					MUT;						MUT;	MUT;		MUT;		MUT;								MUT;	MUT;					MUT;		
008-F5_S2_L004	MUT;	MUT;	MUT;	MUT;	MUT;	MUT;		MUT;	MUT;		MUT;	MUT;				MUT;					MUT;		MUT;								MUT;	MUT;				MUT;	MUT;							MUT;	MUT;					MUT;		
008-M1-F0_S3_L001	MUT;	MUT;	MUT;	MUT;	MUT;	MUT;		MUT;	MUT;	MUT;		MUT;			MUT;		MUT;		MUT;						MUT;		MUT;	MUT;			MUT;	MUT;		MUT;		MUT;	MUT;							MUT;	MUT;					MUT;		
008-M1-F0_S3_L002	MUT;	MUT;	MUT;	MUT;	MUT;	MUT;	MUT;	MUT;	MUT;	MUT;		MUT;					MUT;	MUT;	MUT;				MUT;								MUT;	MUT;				MUT;	MUT;							MUT;	MUT;					MUT;		
008-M1-F0_S3_L003	MUT;	MUT;	MUT;	MUT;	MUT;	MUT;		MUT;	MUT;			MUT;			MUT;	MUT;		MUT;	MUT;		MUT;	MUT;	MUT;					MUT;			MUT;	MUT;				MUT;	MUT;				MUT;	MUT;		MUT;	MUT;							
008-M1-F0_S3_L004		MUT;	MUT;	MUT;	MUT;	MUT;	MUT;	MUT;	MUT;	MUT;		MUT;					MUT;	MUT;	MUT;			MUT;			MUT;	MUT;	MUT;				MUT;	MUT;		MUT;		MUT;	MUT;		MUT;					MUT;	MUT;					MUT;		
008-M1-F5_S4_L001	MUT;	MUT;		MUT;	MUT;	MUT;	MUT;	MUT;	MUT;		MUT;	MUT;			MUT;			MUT;	MUT;							MUT;					MUT;	MUT;				MUT;	MUT;	MUT;	MUT;						MUT;							
008-M1-F5_S4_L002	MUT;	MUT;	MUT;	MUT;		MUT;		MUT;	MUT;	MUT;		MUT;			MUT;			MUT;	MUT;						MUT;						MUT;	MUT;		MUT;		MUT;	MUT;							MUT;	MUT;							
008-M1-F5_S4_L003	MUT;	MUT;	MUT;	MUT;	MUT;	MUT;		MUT;	MUT;	MUT;		MUT;			MUT;			MUT;	MUT;												MUT;	MUT;					MUT;		MUT;		MUT;			MUT;	MUT;							
008-M1-F5_S4_L004	MUT;	MUT;	MUT;	MUT;	MUT;	MUT;		MUT;	MUT;	MUT;		MUT;			MUT;				MUT;						MUT;						MUT;	MUT;				MUT;	MUT;				MUT;			MUT;	MUT;							
008-M2-F0_S5_L001	MUT;	MUT;	MUT;	MUT;	MUT;	MUT;	MUT;	MUT;		MUT;		MUT;			MUT;	MUT;						MUT;			MUT;						MUT;	MUT;				MUT;	MUT;							MUT;	MUT;							
008-M2-F0_S5_L002	MUT;	MUT;		MUT;		MUT;		MUT;		MUT;		MUT;																			MUT;	MUT;	MUT;			MUT;	MUT;				MUT;			MUT;	MUT;							
008-M2-F0_S5_L003	MUT;	MUT;	MUT;	MUT;		MUT;	MUT;	MUT;		MUT;					MUT;											MUT;					MUT;	MUT;				MUT;	MUT;							MUT;	MUT;							
008-M2-F0_S5_L004	MUT;	MUT;	MUT;	MUT;	MUT;	MUT;	MUT;	MUT;	MUT;			MUT;	MUT;		MUT;						MUT;										MUT;	MUT;				MUT;	MUT;								MUT;							
008-M2-F5_S6_L001	MUT;	MUT;	MUT;	MUT;	MUT;	MUT;		MUT;	MUT;	MUT;		MUT;				MUT;	MUT;			MUT;					MUT;			MUT;			MUT;	MUT;		MUT;			MUT;		MUT;					MUT;				MUT;		MUT;		
008-M2-F5_S6_L002	MUT;	MUT;	MUT;	MUT;	MUT;	MUT;		MUT;	MUT;	MUT;		MUT;			MUT;	MUT;	MUT;			MUT;			MUT;		MUT;			MUT;			MUT;	MUT;		MUT;		MUT;	MUT;				MUT;			MUT;	MUT;					MUT;		
008-M2-F5_S6_L003	MUT;	MUT;	MUT;	MUT;	MUT;	MUT;		MUT;	MUT;			MUT;	MUT;			MUT;		MUT;		MUT;	MUT;	MUT;			MUT;			MUT;			MUT;	MUT;				MUT;	MUT;		MUT;			MUT;		MUT;	MUT;					MUT;		
008-M2-F5_S6_L004	MUT;	MUT;	MUT;	MUT;		MUT;	MUT;	MUT;	MUT;	MUT;		MUT;	MUT;				MUT;	MUT;		MUT;			MUT;		MUT;			MUT;	MUT;		MUT;	MUT;		MUT;		MUT;	MUT;							MUT;	MUT;					MUT;		
008-ORTH-M_S6_L001	MUT;	MUT;	MUT;	MUT;	MUT;	MUT;			MUT;			MUT;					MUT;		MUT;						MUT;						MUT;	MUT;										MUT;		MUT;	MUT;							
008-ORTH-M_S6_L002	MUT;	MUT;	MUT;	MUT;	MUT;	MUT;		MUT;	MUT;			MUT;					MUT;		MUT;			MUT;	MUT;		MUT;						MUT;	MUT;				MUT;					MUT;			MUT;	MUT;					MUT;		
008-ORTH-M_S6_L003	MUT;	MUT;	MUT;	MUT;	MUT;	MUT;		MUT;			MUT;	MUT;					MUT;		MUT;				MUT;								MUT;	MUT;		MUT;		MUT;								MUT;	MUT;					MUT;		
008-ORTH-M_S6_L004	MUT;	MUT;	MUT;		MUT;	MUT;		MUT;	MUT;			MUT;					MUT;		MUT;	MUT;					MUT;						MUT;	MUT;				MUT;			MUT;		MUT;			MUT;	MUT;							
008-ORTH_S5_L001	MUT;	MUT;	MUT;	MUT;	MUT;	MUT;		MUT;	MUT;			MUT;						MUT;	MUT;	MUT;			MUT;		MUT;	MUT;					MUT;	MUT;	MUT;			MUT;			MUT;			MUT;		MUT;	MUT;					MUT;		
008-ORTH_S5_L002	MUT;	MUT;	MUT;		MUT;	MUT;	MUT;	MUT;	MUT;			MUT;				MUT;	MUT;	MUT;	MUT;	MUT;						MUT;					MUT;	MUT;		MUT;		MUT;	MUT;	MUT;							MUT;					MUT;		
008-ORTH_S5_L003	MUT;	MUT;	MUT;	MUT;	MUT;	MUT;		MUT;	MUT;	MUT;		MUT;						MUT;	MUT;	MUT;		MUT;	MUT;			MUT;					MUT;	MUT;				MUT;	MUT;		MUT;			MUT;		MUT;	MUT;							
008-ORTH_S5_L004	MUT;	MUT;	MUT;	MUT;	MUT;	MUT;	MUT;	MUT;	MUT;	MUT;		MUT;			MUT;	MUT;	MUT;	MUT;	MUT;	MUT;			MUT;		MUT;			MUT;			MUT;	MUT;				MUT;	MUT;	MUT;			MUT;				MUT;							
029-F0_S5_L001		MUT;	MUT;	MUT;	MUT;		MUT;	MUT;	MUT;			MUT;			MUT;							MUT;										MUT;		MUT;			MUT;						MUT;	MUT;								
029-F0_S5_L002		MUT;	MUT;	MUT;	MUT;	MUT;		MUT;	MUT;			MUT;	MUT;																			MUT;				MUT;							MUT;	MUT;								
029-F0_S5_L003		MUT;		MUT;	MUT;	MUT;	MUT;	MUT;	MUT;			MUT;													MUT;							MUT;				MUT;					MUT;		MUT;	MUT;								
029-F0_S5_L004		MUT;	MUT;	MUT;	MUT;	MUT;	MUT;	MUT;	MUT;			MUT;																				MUT;				MUT;					MUT;		MUT;	MUT;								
029-F5_S4_L001	MUT;	MUT;	MUT;	MUT;	MUT;	MUT;		MUT;	MUT;			MUT;			MUT;									MUT;		MUT;						MUT;				MUT;	MUT;				MUT;		MUT;	MUT;								
029-F5_S4_L002		MUT;	MUT;	MUT;	MUT;	MUT;	MUT;	MUT;	MUT;			MUT;		MUT;	MUT;	MUT;									MUT;							MUT;				MUT;					MUT;			MUT;								
029-F5_S4_L003	MUT;	MUT;	MUT;	MUT;	MUT;	MUT;	MUT;	MUT;	MUT;			MUT;			MUT;			MUT;						MUT;	MUT;	MUT;						MUT;			MUT;	MUT;	MUT;						MUT;	MUT;								
029-F5_S4_L004	MUT;	MUT;	MUT;	MUT;	MUT;	MUT;	MUT;	MUT;	MUT;			MUT;						MUT;						MUT;	MUT;							MUT;			MUT;	MUT;	MUT;						MUT;	MUT;								
030-F0_S1_L001	MUT;	MUT;	MUT;	MUT;		MUT;		MUT;								MUT;			MUT;										MUT;							MUT;							MUT;									
030-F0_S1_L002	MUT;	MUT;		MUT;	MUT;	MUT;		MUT;								MUT;													MUT;							MUT;							MUT;									
030-F0_S1_L003	MUT;	MUT;	MUT;	MUT;		MUT;		MUT;								MUT;													MUT;																							
030-F0_S1_L004	MUT;	MUT;	MUT;	MUT;	MUT;	MUT;	MUT;	MUT;																																												
030-F5_S6_L001	MUT;	MUT;				MUT;		MUT;																																												
030-F5_S6_L002	MUT;	MUT;				MUT;		MUT;																																												
030-F5_S6_L003		MUT;				MUT;		MUT;											MUT;																																	
030-F5_S6_L004	MUT;	MUT;						MUT;																																								MUT;				
032-F0_S5_L001	MUT;	MUT;	MUT;	MUT;	MUT;		MUT;	MUT;	MUT;	MUT;		MUT;	MUT;			MUT;		MUT;		MUT;	MUT;		MUT;	MUT;			MUT;	MUT;	MUT;							MUT;	MUT;					MUT;										
032-F0_S5_L002	MUT;	MUT;	MUT;	MUT;	MUT;		MUT;	MUT;	MUT;	MUT;		MUT;		MUT;	MUT;			MUT;		MUT;			MUT;	MUT;												MUT;	MUT;				MUT;					MUT;						
032-F0_S5_L003	MUT;	MUT;	MUT;	MUT;	MUT;		MUT;	MUT;	MUT;	MUT;					MUT;	MUT;		MUT;		MUT;			MUT;	MUT;				MUT;								MUT;					MUT;											
032-F0_S5_L004	MUT;	MUT;	MUT;	MUT;	MUT;		MUT;	MUT;	MUT;	MUT;		MUT;		MUT;				MUT;		MUT;			MUT;	MUT;			MUT;	MUT;							MUT;						MUT;											
032-F5_S3_L001	MUT;	MUT;	MUT;	MUT;	MUT;		MUT;	MUT;	MUT;	MUT;		MUT;		MUT;		MUT;		MUT;		MUT;	MUT;		MUT;	MUT;				MUT;							MUT;	MUT;																
032-F5_S3_L002	MUT;	MUT;	MUT;	MUT;	MUT;		MUT;	MUT;		MUT;		MUT;		MUT;		MUT;		MUT;		MUT;	MUT;		MUT;					MUT;								MUT;	MUT;	MUT;			MUT;											
032-F5_S3_L003	MUT;	MUT;	MUT;	MUT;	MUT;		MUT;	MUT;	MUT;	MUT;		MUT;	MUT;	MUT;		MUT;		MUT;		MUT;	MUT;	MUT;	MUT;	MUT;				MUT;								MUT;	MUT;				MUT;	MUT;										
032-F5_S3_L004	MUT;	MUT;	MUT;		MUT;		MUT;	MUT;	MUT;	MUT;		MUT;		MUT;		MUT;		MUT;		MUT;		MUT;	MUT;	MUT;				MUT;								MUT;	MUT;															
040-F0_S2_L001		MUT;		MUT;		MUT;		MUT;				MUT;							MUT;																												MUT;					
040-F0_S2_L002		MUT;	MUT;	MUT;		MUT;		MUT;											MUT;																												MUT;					
040-F0_S2_L003		MUT;	MUT;	MUT;		MUT;			MUT;						MUT;																				MUT;												MUT;					
040-F0_S2_L004		MUT;		MUT;		MUT;		MUT;	MUT;			MUT;							MUT;																												MUT;					
040-F5_S4_L001		MUT;	MUT;	MUT;	MUT;	MUT;		MUT;	MUT;						MUT;				MUT;		MUT;														MUT;		MUT;						MUT;				MUT;					MUT;
040-F5_S4_L002		MUT;	MUT;	MUT;	MUT;	MUT;			MUT;	MUT;		MUT;							MUT;		MUT;																MUT;				MUT;		MUT;				MUT;					
040-F5_S4_L003	MUT;	MUT;	MUT;	MUT;	MUT;	MUT;		MUT;	MUT;			MUT;							MUT;																MUT;		MUT;				MUT;		MUT;				MUT;					MUT;
040-F5_S4_L004		MUT;		MUT;		MUT;		MUT;	MUT;	MUT;		MUT;	MUT;						MUT;																								MUT;									
048-F0_S1_L001	MUT;	MUT;	MUT;	MUT;	MUT;	MUT;		MUT;	MUT;	MUT;		MUT;				MUT;			MUT;	MUT;			MUT;																		MUT;		MUT;		MUT;				MUT;		MUT;	
048-F0_S1_L002	MUT;	MUT;	MUT;	MUT;		MUT;		MUT;	MUT;	MUT;		MUT;				MUT;		MUT;	MUT;		MUT;													MUT;									MUT;		MUT;				MUT;		MUT;	
048-F0_S1_L003	MUT;	MUT;	MUT;	MUT;		MUT;		MUT;	MUT;	MUT;		MUT;				MUT;			MUT;	MUT;	MUT;					MUT;								MUT;			MUT;				MUT;		MUT;		MUT;				MUT;		MUT;	
048-F0_S1_L004	MUT;	MUT;	MUT;	MUT;	MUT;	MUT;		MUT;	MUT;	MUT;		MUT;	MUT;			MUT;			MUT;				MUT;											MUT;			MUT;			MUT;		MUT;	MUT;		MUT;				MUT;		MUT;	
048-F5_S3_L001	MUT;	MUT;	MUT;	MUT;		MUT;		MUT;	MUT;	MUT;	MUT;	MUT;				MUT;	MUT;		MUT;																							MUT;	MUT;		MUT;				MUT;		MUT;	
048-F5_S3_L002	MUT;	MUT;	MUT;	MUT;		MUT;		MUT;	MUT;	MUT;		MUT;				MUT;	MUT;	MUT;	MUT;	MUT;						MUT;								MUT;			MUT;						MUT;		MUT;				MUT;		MUT;	
048-F5_S3_L003	MUT;	MUT;	MUT;	MUT;	MUT;	MUT;		MUT;	MUT;	MUT;		MUT;				MUT;	MUT;	MUT;	MUT;	MUT;			MUT;			MUT;																	MUT;		MUT;				MUT;		MUT;	
048-F5_S3_L004	MUT;	MUT;	MUT;	MUT;		MUT;		MUT;	MUT;	MUT;	MUT;	MUT;				MUT;	MUT;		MUT;	MUT;			MUT;						MUT;											MUT;			MUT;		MUT;				MUT;		MUT;	
048-M1-F0_S2_L001	MUT;	MUT;	MUT;	MUT;		MUT;		MUT;	MUT;			MUT;				MUT;		MUT;	MUT;	MUT;																				MUT;	MUT;		MUT;		MUT;				MUT;		MUT;	
048-M1-F0_S2_L002	MUT;	MUT;	MUT;	MUT;	MUT;	MUT;		MUT;	MUT;			MUT;				MUT;	MUT;	MUT;	MUT;																								MUT;		MUT;				MUT;		MUT;	
048-M1-F0_S2_L003	MUT;	MUT;	MUT;	MUT;	MUT;	MUT;		MUT;	MUT;			MUT;					MUT;	MUT;	MUT;	MUT;																					MUT;	MUT;	MUT;		MUT;				MUT;		MUT;	
048-M1-F0_S2_L004	MUT;	MUT;	MUT;	MUT;	MUT;	MUT;		MUT;	MUT;			MUT;				MUT;	MUT;	MUT;	MUT;	MUT;																				MUT;			MUT;		MUT;				MUT;		MUT;	
048-M1-F5_S4_L001	MUT;	MUT;	MUT;	MUT;	MUT;	MUT;		MUT;	MUT;			MUT;				MUT;	MUT;		MUT;	MUT;						MUT;																	MUT;		MUT;				MUT;		MUT;	
048-M1-F5_S4_L002	MUT;	MUT;	MUT;	MUT;	MUT;	MUT;		MUT;	MUT;			MUT;				MUT;	MUT;		MUT;	MUT;																				MUT;			MUT;		MUT;				MUT;		MUT;	
048-M1-F5_S4_L003	MUT;	MUT;	MUT;	MUT;	MUT;	MUT;		MUT;	MUT;	MUT;	MUT;	MUT;				MUT;		MUT;	MUT;	MUT;														MUT;						MUT;	MUT;	MUT;	MUT;		MUT;			MUT;	MUT;		MUT;	
048-M1-F5_S4_L004	MUT;	MUT;	MUT;	MUT;	MUT;	MUT;		MUT;	MUT;	MUT;		MUT;				MUT;	MUT;	MUT;	MUT;	MUT;														MUT;									MUT;		MUT;			MUT;	MUT;		MUT;	
